name,id,nametype,recclass,mass,year,reclat,reclong
Aachen,1,Valid,L5,21,1880-01-01T00:00:00.000,50.775000,6.083330
Aarhus,2,Valid,H6,720,1951-01-01T00:00:00.000,56.183330,10.233330
Abee,6,Valid,EH4,107000,1952-01-01T00:00:00.000,54.216670,-113.000000
Acapulco,10,Valid,Acapulcoite,1914,1976-01-01T00:00:00.000,16.883330,-99.900000
Achiras,370,Valid,L6,780,1902-01-01T00:00:00.000,-33.166670,-64.950000
Adhi Kot,379,Valid,EH4,4239,1919-01-01T00:00:00.000,32.100000,71.800000
Adzhi-Bogdo (stone),390,Valid,LL3-6,910,1949-01-01T00:00:00.000,44.833330,95.166670
Agen,392,Valid,H5,30000,1814-01-01T00:00:00.000,44.216670,0.616670
Aguada,398,Valid,L6,1620,1930-01-01T00:00:00.000,-31.600000,-65.233330
Aguila Blanca,417,Valid,L,1440,1920-01-01T00:00:00.000,-30.866670,-64.550000
Aioun el Atrouss,423,Valid,Diogenite-pm,1000,1974-01-01T00:00:00.000,16.398060,-9.570280
Aïr,424,Valid,L6,24000,1925-01-01T00:00:00.000,19.083330,8.383330
Aire-sur-la-Lys,425,Valid,Unknown,,1769-01-01T00:00:00.000,50.666670,2.333330
Akaba,426,Valid,L6,779,1949-01-01T00:00:00.000,29.516670,35.050000
Akbarpur,427,Valid,H4,1800,1838-01-01T00:00:00.000,29.716670,77.950000
Akwanga,432,Valid,H,3000,1959-01-01T00:00:00.000,8.916670,8.433330
Akyumak,433,Valid,"Iron, IVA",50000,1981-01-01T00:00:00.000,39.916670,42.816670
Al Rais,446,Valid,CR2-an,160,1957-01-01T00:00:00.000,24.416670,39.516670
Al Zarnkh,447,Valid,LL5,700,2001-01-01T00:00:00.000,13.660330,28.960000
Alais,448,Valid,CI1,6000,1806-01-01T00:00:00.000,44.116670,4.083330
Albareto,453,Valid,L/LL4,2000,1766-01-01T00:00:00.000,44.650000,11.016670
Alberta,454,Valid,L,625,1949-01-01T00:00:00.000,2.000000,22.666670
Alby sur Chéran,458,Valid,Eucrite-mmict,252,2002-01-01T00:00:00.000,45.821330,6.015330
Aldsworth,461,Valid,LL5,700,1835-01-01T00:00:00.000,51.783330,-1.783330
Aleppo,462,Valid,L6,3200,1873-01-01T00:00:00.000,36.233330,37.133330
Alessandria,463,Valid,H5,908,1860-01-01T00:00:00.000,44.883330,8.750000
Alexandrovsky,465,Valid,H4,9251,1900-01-01T00:00:00.000,50.950000,31.816670
Alfianello,466,Valid,L6,228000,1883-01-01T00:00:00.000,45.266670,10.150000
Allegan,2276,Valid,H5,32000,1899-01-01T00:00:00.000,42.533330,-85.883330
Allende,2278,Valid,CV3,2000000,1969-01-01T00:00:00.000,26.966670,-105.316670
Almahata Sitta,48915,Valid,Ureilite-an,3950,2008-01-01T00:00:00.000,20.745750,32.412750
Alta'ameem,2284,Valid,LL5,6000,1977-01-01T00:00:00.000,35.273330,44.215560
Ambapur Nagla,2290,Valid,H5,6400,1895-01-01T00:00:00.000,27.666670,78.250000
Andhara,2294,Valid,Stone-uncl,2700,1880-01-01T00:00:00.000,26.583330,85.566670
Andover,2295,Valid,L6,3200,1898-01-01T00:00:00.000,44.616670,-70.750000
Andreevka,2296,Valid,L3,600,1969-01-01T00:00:00.000,48.700000,37.500000
Andura,2298,Valid,H6,17900,1939-01-01T00:00:00.000,20.883330,76.866670
Northwest Africa 5815,50693,Valid,L5,256.8,,0.000000,0.000000
Angers,2301,Valid,L6,,1822-01-01T00:00:00.000,47.466670,-0.550000
Angra dos Reis (stone),2302,Valid,Angrite,1500,1869-01-01T00:00:00.000,-22.966670,-44.316670
Ankober,2304,Valid,H4,6500,1942-01-01T00:00:00.000,9.533330,39.716670
Anlong,2305,Valid,H5,2500,1971-01-01T00:00:00.000,25.150000,105.183330
Aomori,2313,Valid,L6,320,1984-01-01T00:00:00.000,40.810560,140.785560
Appley Bridge,2318,Valid,LL6,15000,1914-01-01T00:00:00.000,53.583330,-2.716670
Apt,2320,Valid,L6,3200,1803-01-01T00:00:00.000,43.866670,5.383330
Arbol Solo,2325,Valid,H5,810,1954-01-01T00:00:00.000,-33.000000,-66.000000
Archie,2329,Valid,H6,5070,1932-01-01T00:00:00.000,38.500000,-94.300000
Arroyo Aguiar,2340,Valid,H5,7450,1950-01-01T00:00:00.000,-31.416670,-60.666670
Asco,2345,Valid,H6,41,1805-01-01T00:00:00.000,42.450000,9.033330
Ash Creek,48954,Valid,L6,9500,2009-01-01T00:00:00.000,31.805000,-97.010000
Ashdon,2346,Valid,L6,1300,1923-01-01T00:00:00.000,52.050000,0.300000
Assisi,2353,Valid,H5,2000,1886-01-01T00:00:00.000,43.033330,12.550000
Atarra,4883,Valid,L4,1280,1920-01-01T00:00:00.000,25.254170,80.625000
Atemajac,4884,Valid,L6,94.2,1896-01-01T00:00:00.000,20.066670,-103.666670
Athens,4885,Valid,LL6,265,1933-01-01T00:00:00.000,34.750000,-87.000000
Atoka,4888,Valid,L6,1384.2,1945-01-01T00:00:00.000,34.316670,-96.150000
Aubres,4893,Valid,Aubrite,800,1836-01-01T00:00:00.000,44.383330,5.166670
Aumale,4899,Valid,L6,50000,1865-01-01T00:00:00.000,36.166670,3.666670
Aumieres,4900,Valid,L6,2000,1842-01-01T00:00:00.000,44.333330,3.233330
Ausson,4903,Valid,L5,50000,1858-01-01T00:00:00.000,43.083330,0.583330
Avanhandava,4905,Valid,H4,9330,1952-01-01T00:00:00.000,-21.460280,-49.950830
Avce,4906,Valid,"Iron, IIAB",1230,1908-01-01T00:00:00.000,46.000000,13.500000
Avilez,4907,Valid,H,146,1855-01-01T00:00:00.000,25.000000,-103.500000
Awere,4910,Valid,L4,134,1968-01-01T00:00:00.000,2.716670,32.833330
Aztec,4913,Valid,L6,2830,1938-01-01T00:00:00.000,36.800000,-108.000000
Bachmut,4917,Valid,L6,18000,1814-01-01T00:00:00.000,48.600000,38.000000
Bahjoi,4922,Valid,"Iron, IAB-sLL",10322,1934-01-01T00:00:00.000,28.483330,78.500000
Bald Mountain,4925,Valid,L4,3700,1929-01-01T00:00:00.000,35.966670,-82.483330
Baldwyn,4926,Valid,L6,345,1922-01-01T00:00:00.000,34.500000,-88.666670
Bali,4928,Valid,CV3,1000,1907-01-01T00:00:00.000,5.383330,16.383330
Ban Rong Du,4934,Valid,"Iron, ungrouped",16700,1993-01-01T00:00:00.000,16.666670,101.183330
Bandong,4935,Valid,LL6,11500,1871-01-01T00:00:00.000,-6.916670,107.600000
Bansur,4936,Valid,L6,15000,1892-01-01T00:00:00.000,27.700000,76.333330
Banswal,4937,Valid,L5,14,1913-01-01T00:00:00.000,30.400000,78.200000
Banten,4938,Valid,CM2,629,1933-01-01T00:00:00.000,-6.333330,106.000000
Barbotan,4942,Valid,H5,6400,1790-01-01T00:00:00.000,43.950000,-0.050000
Barcelona (stone),4944,Valid,OC,,1704-01-01T00:00:00.000,41.366670,2.166670
Barea,4946,Valid,Mesosiderite-A1,3200,1842-01-01T00:00:00.000,42.383330,-2.500000
Barnaul,4947,Valid,H5,23.2,1904-01-01T00:00:00.000,52.733330,84.083330
Barntrup,4948,Valid,LL4,17,1886-01-01T00:00:00.000,52.000000,9.100000
Baroti,4949,Valid,L6,4500,1910-01-01T00:00:00.000,31.616670,76.800000
Barwell,4954,Valid,L5,44000,1965-01-01T00:00:00.000,52.565280,-1.339720
Bassikounou,44876,Valid,H5,29560,2006-01-01T00:00:00.000,15.783330,-5.900000
Baszkówka,4957,Valid,L5,15500,1994-01-01T00:00:00.000,52.033330,20.935830
Bath,4974,Valid,H4,21000,1892-01-01T00:00:00.000,45.416670,-98.316670
Bath Furnace,4975,Valid,L6,86000,1902-01-01T00:00:00.000,38.250000,-83.750000
Battle Mountain,56133,Valid,L6,2900,2012-01-01T00:00:00.000,40.668130,-117.189130
Bawku,4976,Valid,LL5,1557,1989-01-01T00:00:00.000,11.083330,-0.183330
Baxter,4977,Valid,L6,611,1916-01-01T00:00:00.000,36.750000,-93.500000
Beardsley,4984,Valid,H5,16000,1929-01-01T00:00:00.000,39.800000,-101.200000
Beaver Creek,4986,Valid,H5,14000,1893-01-01T00:00:00.000,51.166670,-117.333330
Beddgelert,4993,Valid,H5,794,1949-01-01T00:00:00.000,53.016670,-4.100000
Bells,5005,Valid,C2-ung,375,1961-01-01T00:00:00.000,33.600000,-96.466670
Belville,5009,Valid,OC,,1937-01-01T00:00:00.000,-32.333330,-64.866670
Benares (a),5011,Valid,LL4,3700,1798-01-01T00:00:00.000,25.366670,82.916670
Benguerir,30443,Valid,LL6,25000,2004-01-01T00:00:00.000,32.250000,-8.150000
Beni M'hira,5018,Valid,L6,19000,2001-01-01T00:00:00.000,32.866670,10.800000
Benld,5021,Valid,H6,1770.5,1938-01-01T00:00:00.000,39.083330,-89.150000
Benoni,5023,Valid,H6,3880,1943-01-01T00:00:00.000,-26.166670,28.416670
Bensour,5024,Valid,LL6,45000,2002-01-01T00:00:00.000,30.000000,-7.000000
Benton,5026,Valid,LL6,2840,1949-01-01T00:00:00.000,45.950000,-67.550000
Berduc,48975,Valid,L6,270,2008-01-01T00:00:00.000,-31.910000,-58.328330
Béréba,5028,Valid,Eucrite-mmict,18000,1924-01-01T00:00:00.000,11.650000,-3.650000
Berlanguillas,5029,Valid,L6,1440,1811-01-01T00:00:00.000,41.683330,-3.800000
Berthoud,47355,Valid,Eucrite-mmict,960,2004-01-01T00:00:00.000,40.305830,-105.023250
Bethlehem,5032,Valid,H,13.9,1859-01-01T00:00:00.000,42.533330,-73.833330
Beuste,5034,Valid,L5,2000,1859-01-01T00:00:00.000,43.216670,-0.233330
Beyrout,5035,Valid,LL3.8,1100,1921-01-01T00:00:00.000,33.883330,35.500000
Bhagur,5037,Valid,L6,18,1877-01-01T00:00:00.000,20.883330,74.833330
Bhawad,36591,Valid,LL6,678,2002-01-01T00:00:00.000,26.508330,73.115280
Bherai,5039,Valid,L6,100,1893-01-01T00:00:00.000,20.833330,71.466670
Bhola,5040,Valid,LL3-6,1047,1940-01-01T00:00:00.000,22.683330,90.650000
Bholghati,5041,Valid,Howardite,2500,1905-01-01T00:00:00.000,22.083330,86.900000
Bialystok,5042,Valid,Eucrite-pmict,4000,1827-01-01T00:00:00.000,53.100000,23.200000
Bielokrynitschie,5043,Valid,H4,1900,1887-01-01T00:00:00.000,50.133330,27.166670
Bilanga,5045,Valid,Diogenite,25000,1999-01-01T00:00:00.000,12.450000,-0.083330
Binningup,5051,Valid,H5,488.1,1984-01-01T00:00:00.000,-33.156390,115.676390
Birni N'konni,5056,Valid,H4,560,1923-01-01T00:00:00.000,13.766670,5.300000
Bishopville,5059,Valid,Aubrite,6000,1843-01-01T00:00:00.000,34.166670,-80.283330
Bishunpur,5060,Valid,LL3.15,1039,1895-01-01T00:00:00.000,25.383330,82.600000
Bjelaja Zerkov,5063,Valid,H6,1850,1796-01-01T00:00:00.000,49.783330,30.166670
Bjurböle,5064,Valid,L/LL4,330000,1899-01-01T00:00:00.000,60.400000,25.800000
Black Moshannan Park,5065,Valid,L5,705,1941-01-01T00:00:00.000,40.916670,-78.083330
Blackwell,5068,Valid,L5,2381,1906-01-01T00:00:00.000,36.833330,-97.333330
Blanket,5071,Valid,L6,5100,1909-01-01T00:00:00.000,31.833330,-98.833330
Blansko,5072,Valid,H6,470,1833-01-01T00:00:00.000,49.366670,16.633330
Bloomington,5076,Valid,LL6,67.8,1938-01-01T00:00:00.000,40.480000,-89.004170
Bo Xian,5090,Valid,LL3.9,7500,1977-01-01T00:00:00.000,33.833330,115.833330
Bocas,5093,Valid,L6,56,1804-01-01T00:00:00.000,23.000000,-102.000000
Bogou,5097,Valid,"Iron, IAB-MG",8800,1962-01-01T00:00:00.000,12.500000,0.700000
Boguslavka,5098,Valid,"Iron, IIAB",256000,1916-01-01T00:00:00.000,44.550000,131.633330
Borgo San Donino,5110,Valid,LL6,1676,1808-01-01T00:00:00.000,44.866670,10.050000
Bori,5111,Valid,L6,8600,1894-01-01T00:00:00.000,21.950000,78.033330
Boriskino,5112,Valid,CM2,1342,1930-01-01T00:00:00.000,54.233330,52.483330
Borkut,5113,Valid,L5,7000,1852-01-01T00:00:00.000,48.150000,24.283330
Borodino,5114,Valid,H5,500,1812-01-01T00:00:00.000,55.466670,35.866670
Botschetschki,5117,Valid,L4,614,1823-01-01T00:00:00.000,51.333330,33.883330
Boumdeid (2003),57168,Valid,L6,190,2003-01-01T00:00:00.000,17.710670,-11.371500
Boumdeid (2011),57167,Valid,L6,3599,2011-01-01T00:00:00.000,17.174930,-11.341330
Bovedy,5121,Valid,L3,5460,1969-01-01T00:00:00.000,54.566670,-6.333330
Bradford Woods,5128,Valid,L,762,1886-01-01T00:00:00.000,40.500000,-80.083330
Braunau,5133,Valid,"Iron, IIAB",39000,1847-01-01T00:00:00.000,50.600000,16.300000
Breitscheid,5134,Valid,H5,1500,1956-01-01T00:00:00.000,50.666940,8.183610
Bremervörde,5135,Valid,H/L3.9,7250,1855-01-01T00:00:00.000,53.400000,9.100000
Brient,5140,Valid,Eucrite-pmict,219,1933-01-01T00:00:00.000,52.133330,59.316670
Bruderheim,5156,Valid,L6,303000,1960-01-01T00:00:00.000,53.900000,-112.883330
Bukhara,30448,Valid,CV3,5300,2001-01-01T00:00:00.000,39.779780,64.600350
Bulls Run,5163,Valid,Iron?,2250,1964-01-01T00:00:00.000,,
Bunburra Rockhole,48653,Valid,Eucrite,324,2007-01-01T00:00:00.000,-31.350000,129.190000
Bununu,5165,Valid,Howardite,357,1942-01-01T00:00:00.000,10.016670,9.583330
Bur-Gheluai,5169,Valid,H5,120000,1919-01-01T00:00:00.000,5.000000,48.000000
Burnwell,5175,Valid,H4-an,1504,1990-01-01T00:00:00.000,37.621940,-82.237220
Bursa,5177,Valid,L6,25000,1946-01-01T00:00:00.000,40.200000,29.233330
Buschhof,5178,Valid,L6,5000,1863-01-01T00:00:00.000,46.450000,25.783330
Bustee,5181,Valid,Aubrite,1500,1852-01-01T00:00:00.000,26.783330,82.833330
Butsura,5183,Valid,H6,29000,1861-01-01T00:00:00.000,27.083330,84.083330
Buzzard Coulee,48654,Valid,H4,41000,2008-01-01T00:00:00.000,52.996000,-109.848170
Cabezo de Mayo,5185,Valid,L/LL6,25000,1870-01-01T00:00:00.000,37.983330,-1.166670
Cabin Creek,5186,Valid,"Iron, IIIAB",48500,1886-01-01T00:00:00.000,35.500000,-93.500000
Cacak,5187,Valid,OC,212,1919-01-01T00:00:00.000,43.838890,20.333330
Cali,45976,Valid,H/L4,478,2007-01-01T00:00:00.000,3.405000,-76.510000
Calivo,5200,Valid,Stone-uncl,2400,1916-01-01T00:00:00.000,11.750000,122.333330
Campos Sales,5249,Valid,L5,23680,1991-01-01T00:00:00.000,-7.033330,-40.166670
Çanakkale,5250,Valid,L6,4000,1964-01-01T00:00:00.000,39.800000,26.600000
Cañellas,5251,Valid,H4,945,1861-01-01T00:00:00.000,41.250000,1.666670
Cangas de Onis,5252,Valid,H5,34000,1866-01-01T00:00:00.000,43.383330,-5.150000
Canon City,5253,Valid,H6,1400,1973-01-01T00:00:00.000,38.470280,-105.241390
Cape Girardeau,5260,Valid,H6,2300,1846-01-01T00:00:00.000,37.266670,-89.583330
Capilla del Monte,5264,Valid,H6,750,1934-01-01T00:00:00.000,-30.883330,-64.550000
Carancas,45817,Valid,H4-5,342,2007-01-01T00:00:00.000,-16.664440,-69.043890
Caratash,5265,Valid,LL6,8,1902-01-01T00:00:00.000,38.500000,27.000000
Castalia,5291,Valid,H5,7300,1874-01-01T00:00:00.000,36.083330,-78.066670
Castel Berardenga,5292,Valid,Stone-uncl,,1791-01-01T00:00:00.000,43.350000,11.500000
Castine,5293,Valid,L6,94,1848-01-01T00:00:00.000,44.383330,-68.750000
Castrovillari,5295,Valid,Stone-uncl,15000,1583-01-01T00:00:00.000,39.800000,16.200000
Caswell County,5296,Valid,OC,1360,1810-01-01T00:00:00.000,36.500000,-79.250000
Ceniceros,5306,Valid,L3.7,1025,1988-01-01T00:00:00.000,26.466670,-105.233330
Centerville,5307,Valid,H5,45.6,1956-01-01T00:00:00.000,43.200000,-96.916670
Cereseto,5308,Valid,H5,6460,1840-01-01T00:00:00.000,45.083330,8.300000
Chadong,5313,Valid,L6,3700,1998-01-01T00:00:00.000,28.533330,109.316670
Chail,5314,Valid,H6,0.5,1814-01-01T00:00:00.000,25.366670,81.666670
Chainpur,5315,Valid,LL3.4,8200,1907-01-01T00:00:00.000,25.850000,83.483330
Chajari,5316,Valid,L5,18300,1933-01-01T00:00:00.000,-30.783330,-58.050000
Chandakapur,5320,Valid,L5,8800,1838-01-01T00:00:00.000,20.266670,76.016670
Chandpur,5321,Valid,L6,1100,1885-01-01T00:00:00.000,27.283330,79.050000
Changde,5322,Valid,H5,1810,1977-01-01T00:00:00.000,29.083330,111.750000
Chantonnay,5325,Valid,L6,31500,1812-01-01T00:00:00.000,46.683330,1.050000
Charlotte,5328,Valid,"Iron, IVA",4300,1835-01-01T00:00:00.000,36.166670,-87.333330
Charsonville,5329,Valid,H6,27000,1810-01-01T00:00:00.000,47.933330,1.566670
Charwallas,5330,Valid,H6,12000,1834-01-01T00:00:00.000,29.483330,75.500000
Chassigny,5331,Valid,Martian (chassignite),4000,1815-01-01T00:00:00.000,47.716670,5.366670
Château-Renard,5332,Valid,L6,30000,1841-01-01T00:00:00.000,47.933330,2.916670
Chaves,5334,Valid,Howardite,2945,1925-01-01T00:00:00.000,41.933330,-7.466670
Chela,5338,Valid,H4,2936,1988-01-01T00:00:00.000,-3.666670,32.500000
Chelyabinsk,57165,Valid,LL5,100000,2013-01-01T00:00:00.000,54.816670,61.116670
Chergach ,47347,Valid,H5,100000,2007-01-01T00:00:00.000,23.696390,-5.014720
Chernyi Bor,5339,Valid,H4,6000,1964-01-01T00:00:00.000,53.700000,30.100000
Cherokee Springs,5340,Valid,LL6,8400,1933-01-01T00:00:00.000,35.033330,-81.883330
Chervettaz,5341,Valid,L5,705,1901-01-01T00:00:00.000,46.550000,6.816670
Chervony Kut,5342,Valid,Eucrite-mmict,1700,1939-01-01T00:00:00.000,50.833330,34.000000
Chetrinahatti,5344,Valid,Stone-uncl,72,1880-01-01T00:00:00.000,14.500000,76.500000
Chiang Khan,5345,Valid,H6,367,1981-01-01T00:00:00.000,17.900000,101.633330
Chicora,5349,Valid,LL6,303,1938-01-01T00:00:00.000,40.933330,-79.733330
Chisenga,5355,Valid,"Iron, IIIAB",3920,1988-01-01T00:00:00.000,-10.059440,33.395000
Chitado,5356,Valid,L6,,1966-01-01T00:00:00.000,-17.350000,13.966670
Chitenay,5357,Valid,L6,4000,1978-01-01T00:00:00.000,47.470830,0.976670
Cilimus,5364,Valid,L5,1600,1979-01-01T00:00:00.000,-6.950000,108.100000
Claxton,5374,Valid,L6,1455,1984-01-01T00:00:00.000,32.102500,-81.872780
Clohars,5383,Valid,L4,48.6,1822-01-01T00:00:00.000,,
Colby (Wisconsin),5395,Valid,L6,104000,1917-01-01T00:00:00.000,44.900000,-90.283330
Cold Bokkeveld,5397,Valid,CM2,5200,1838-01-01T00:00:00.000,-33.133330,19.383330
Coleman,5401,Valid,L6,469,1994-01-01T00:00:00.000,43.761110,-84.507780
Collescipoli,5403,Valid,H5,5000,1890-01-01T00:00:00.000,42.533330,12.616670
Conquista,5418,Valid,H4,20350,1965-01-01T00:00:00.000,-19.850000,-47.550000
Cosina,5451,Valid,H5,1200,1844-01-01T00:00:00.000,21.166670,-100.866670
Cranganore,5465,Valid,L6,1460,1917-01-01T00:00:00.000,10.200000,76.266670
Crescent,5470,Valid,CM2,78.400000000000006,1936-01-01T00:00:00.000,35.950000,-97.583330
Cronstad,5474,Valid,H5,3650,1877-01-01T00:00:00.000,-27.700000,27.300000
Cross Roads,5476,Valid,H5,167,1892-01-01T00:00:00.000,35.633330,-78.133330
Crumlin,5477,Valid,L5,4255,1902-01-01T00:00:00.000,54.616670,-6.216670
Cumberland Falls,5496,Valid,Aubrite,17000,1919-01-01T00:00:00.000,36.833330,-84.350000
Cynthiana,5500,Valid,L/LL4,6000,1877-01-01T00:00:00.000,38.400000,-84.250000
Dahmani,5504,Valid,LL6,18000,1981-01-01T00:00:00.000,35.616670,8.833330
Dandapur,5511,Valid,L6,5650,1878-01-01T00:00:00.000,26.916670,83.966670
Daniel's Kuil,5513,Valid,EL6,1064,1868-01-01T00:00:00.000,-28.200000,24.566670
Danville,5514,Valid,L6,2000,1868-01-01T00:00:00.000,34.400000,-87.066670
Darmstadt,6603,Valid,H5,100,1804-01-01T00:00:00.000,49.866670,8.650000
Dashoguz,6604,Valid,H5,7000,1998-01-01T00:00:00.000,41.984440,59.685000
Daule,51559,Valid,L5,6580,2008-01-01T00:00:00.000,-1.870890,-79.957560
De Cewsville,6621,Valid,H6,340,1887-01-01T00:00:00.000,43.000000,-80.000000
Deal,6634,Valid,L6,28,1829-01-01T00:00:00.000,40.250000,-74.000000
Delhi,6642,Valid,L5,0.8,1897-01-01T00:00:00.000,28.566670,77.250000
Demina,6649,Valid,L6,16400,1911-01-01T00:00:00.000,51.466670,84.766670
Denver,6660,Valid,L6,230,1967-01-01T00:00:00.000,39.782500,-104.930560
Dergaon,6664,Valid,H5,12500,2001-01-01T00:00:00.000,26.683330,93.866670
Desuri,6693,Valid,H6,25400,1962-01-01T00:00:00.000,25.733330,73.616670
Devgaon,6694,Valid,H3.8,12000,2001-01-01T00:00:00.000,19.000000,81.000000
Devri-Khera,6696,Valid,L6,1140,1994-01-01T00:00:00.000,24.225000,76.525000
Dhajala,6698,Valid,H3.8,45000,1976-01-01T00:00:00.000,22.377780,71.427220
Dharwar,6699,Valid,OC,1800,1848-01-01T00:00:00.000,14.883330,75.600000
Dhurmsala,7640,Valid,LL6,32000,1860-01-01T00:00:00.000,32.233330,76.466670
Didim,47350,Valid,H3-5,3396,2007-01-01T00:00:00.000,37.351720,27.329970
Diep River,7642,Valid,L6,1000,1906-01-01T00:00:00.000,-33.750000,18.566670
Distrito Quebracho,7649,Valid,H4,400,1957-01-01T00:00:00.000,-31.883330,-60.466670
Djati-Pengilon,7652,Valid,H6,166000,1884-01-01T00:00:00.000,-7.500000,111.500000
Djermaia,7656,Valid,H,3950,1961-01-01T00:00:00.000,12.733330,15.050000
Djoumine,7657,Valid,H5-6,10000,1999-01-01T00:00:00.000,36.950000,9.550000
Dokachi,7658,Valid,H5,3840,1903-01-01T00:00:00.000,23.500000,90.333330
Dolgovoli,7659,Valid,L6,1600,1864-01-01T00:00:00.000,50.750000,25.300000
Domanitch,7661,Valid,L5,438,1907-01-01T00:00:00.000,40.000000,29.000000
Dong Ujimqin Qi,7706,Valid,Mesosiderite,128800,1995-01-01T00:00:00.000,45.500000,119.033330
Donga Kohrod,7707,Valid,H6,230,1899-01-01T00:00:00.000,21.866670,82.450000
Dongtai,7708,Valid,LL6,5500,1970-01-01T00:00:00.000,32.916670,120.783330
Doroninsk,7718,Valid,H5-7,3891,1805-01-01T00:00:00.000,51.200000,112.300000
Dosso,7722,Valid,L6,1250,1962-01-01T00:00:00.000,13.050000,3.166670
Douar Mghila,7723,Valid,LL6,1161,1932-01-01T00:00:00.000,32.333330,-6.300000
Dowa,7725,Valid,Stone-uncl,642,1976-01-01T00:00:00.000,-13.666670,33.916670
Drake Creek,7728,Valid,L6,5000,1827-01-01T00:00:00.000,36.400000,-86.500000
Dresden (Ontario),7731,Valid,H6,47700,1939-01-01T00:00:00.000,42.520000,-82.260000
Dubrovnik,7736,Valid,L3-6,1900,1951-01-01T00:00:00.000,42.458330,18.441670
Dunbogan,7743,Valid,L6,30,1999-01-01T00:00:00.000,-31.666670,152.833330
Dundrum,7745,Valid,H5,2270,1865-01-01T00:00:00.000,52.550000,-8.033330
Dunhua,7749,Valid,Stone-uncl,,1976-01-01T00:00:00.000,43.333330,128.250000
Durala,7750,Valid,L6,13200,1815-01-01T00:00:00.000,30.300000,76.633330
Duruma,7752,Valid,L6,577,1853-01-01T00:00:00.000,-4.000000,39.500000
Duwun,7754,Valid,L6,2117,1943-01-01T00:00:00.000,33.433330,127.266670
Dwaleni,7755,Valid,H4-6,3230,1970-01-01T00:00:00.000,-27.200000,31.316670
Dyalpur,7757,Valid,Ureilite,300,1872-01-01T00:00:00.000,26.250000,82.000000
Dyarrl Island,7758,Valid,Mesosiderite-A1,188,1933-01-01T00:00:00.000,-3.000000,151.000000
Eagle,7760,Valid,EL6,10000,1947-01-01T00:00:00.000,40.781670,-96.471670
Ehole,7774,Valid,H5,2400,1961-01-01T00:00:00.000,-17.300000,15.833330
Eichstädt,7775,Valid,H5,3000,1785-01-01T00:00:00.000,48.900000,11.216670
Ekeby,7776,Valid,H4,3336,1939-01-01T00:00:00.000,56.033330,13.000000
Ekh Khera,7777,Valid,H6,840,1916-01-01T00:00:00.000,28.266670,78.783330
El Idrissia,7807,Valid,L6,10000,1989-01-01T00:00:00.000,34.416670,3.250000
El Paso de Aguila,45977,Valid,H5,17226,1977-01-01T00:00:00.000,25.370000,-97.370000
El Tigre,7819,Valid,L6,5000,1993-01-01T00:00:00.000,19.967220,-103.051670
Elbert,7822,Valid,LL6,680.5,1998-01-01T00:00:00.000,39.246670,-104.588170
Elbogen,7823,Valid,"Iron, IID",107000,1400-01-01T00:00:00.000,50.183330,12.733330
Elenovka,7824,Valid,L5,54640,1951-01-01T00:00:00.000,47.833330,37.666670
Ellemeet,10019,Valid,Diogenite,1470,1925-01-01T00:00:00.000,51.750000,4.000000
Emmaville,10033,Valid,Eucrite-mmict,127,1900-01-01T00:00:00.000,-29.466670,151.616670
Enshi,10038,Valid,H5,8000,1974-01-01T00:00:00.000,30.300000,109.500000
Ensisheim,10039,Valid,LL6,127000,1492-01-01T00:00:00.000,47.866670,7.350000
Épinal,10041,Valid,H5,277,1822-01-01T00:00:00.000,48.183330,6.466670
Erakot,10042,Valid,CM2,113,1940-01-01T00:00:00.000,19.033330,81.891670
Erevan,10043,Valid,Howardite,107.2,1911-01-01T00:00:00.000,40.300000,44.500000
Ergheo,10044,Valid,L5,20000,1889-01-01T00:00:00.000,1.166670,44.166670
Erxleben,10049,Valid,H6,2250,1812-01-01T00:00:00.000,52.216670,11.250000
Esnandes,10051,Valid,L6,1500,1837-01-01T00:00:00.000,46.250000,-1.100000
Essebi,10055,Valid,C2-ung,500,1957-01-01T00:00:00.000,2.883330,30.833330
Estherville,10059,Valid,Mesosiderite-A3/4,320000,1879-01-01T00:00:00.000,43.416670,-94.833330
Farmington,10074,Valid,L5,89400,1890-01-01T00:00:00.000,39.750000,-97.033330
Farmville,10075,Valid,H4,56000,1934-01-01T00:00:00.000,35.550000,-77.533330
Favars,10078,Valid,H5,1500,1844-01-01T00:00:00.000,44.383330,2.816670
Fayetteville,10079,Valid,H4,2360,1934-01-01T00:00:00.000,36.050000,-94.166670
Feid Chair,10080,Valid,H4,380,1875-01-01T00:00:00.000,36.883330,8.450000
Felix,10081,Valid,CO3.3,3200,1900-01-01T00:00:00.000,32.533330,-87.166670
Fenghsien-Ku,10086,Valid,H5,82,1924-01-01T00:00:00.000,34.600000,116.750000
Ferguson,10088,Valid,OC,220,1889-01-01T00:00:00.000,36.100000,-81.416670
Fermo,10091,Valid,H3-5,10200,1996-01-01T00:00:00.000,43.181110,13.753330
Fisher,10107,Valid,L6,17600,1894-01-01T00:00:00.000,47.816670,-96.850000
Florence,10111,Valid,H3,3640,1922-01-01T00:00:00.000,30.833330,-97.766670
Forest City,10119,Valid,H5,152000,1890-01-01T00:00:00.000,43.250000,-93.666670
Forest Vale,10120,Valid,H4,26000,1942-01-01T00:00:00.000,-33.350000,146.858330
Forksville,10123,Valid,L6,6067,1924-01-01T00:00:00.000,36.783330,-78.083330
Forsbach,10163,Valid,H6,240,1900-01-01T00:00:00.000,50.950000,7.316670
Forsyth,10164,Valid,L6,16300,1829-01-01T00:00:00.000,33.016670,-83.966670
Fort Flatters,10166,Valid,Stone-uncl,,1944-01-01T00:00:00.000,28.250000,7.000000
Frankfort (stone),10177,Valid,Howardite,650,1868-01-01T00:00:00.000,34.483330,-87.833330
Fuhe,52412,Valid,L5,23000,1945-01-01T00:00:00.000,31.475560,113.566940
Fukutomi,10836,Valid,L5,11620,1882-01-01T00:00:00.000,33.183330,130.200000
Fünen,10838,Valid,Stone-uncl,,1654-01-01T00:00:00.000,55.333330,10.333330
Futtehpur,10839,Valid,L6,4000,1822-01-01T00:00:00.000,25.950000,80.816670
Fuyang,10840,Valid,Stone-uncl,2500,1977-01-01T00:00:00.000,32.900000,115.900000
Galapian,10846,Valid,H6,132.69999999999999,1826-01-01T00:00:00.000,44.300000,0.400000
Galim (a),10848,Valid,LL6,36.1,1952-01-01T00:00:00.000,7.050000,12.433330
Galim (b),10849,Valid,EH3/4-an,28,1952-01-01T00:00:00.000,7.050000,12.433330
Galkiv,10850,Valid,H4,5000,1995-01-01T00:00:00.000,51.683330,30.783330
Gambat,10851,Valid,L6,6400,1897-01-01T00:00:00.000,27.350000,68.533330
Gao-Guenie,10854,Valid,H5,,1960-01-01T00:00:00.000,11.650000,-2.183330
Garhi Yasin,10860,Valid,"Iron, IIE",380,1917-01-01T00:00:00.000,27.883330,68.533330
Garland,10861,Valid,Diogenite-pm,102,1950-01-01T00:00:00.000,41.683330,-112.133330
Gashua,44882,Valid,L6,4162,1984-01-01T00:00:00.000,12.850000,11.033330
Gasseltepaoua,10866,Valid,H5,,2000-01-01T00:00:00.000,14.150830,-2.041670
Geidam,10870,Valid,H5,725,1950-01-01T00:00:00.000,12.916670,11.916670
Gifu,10914,Valid,L6,14290,1909-01-01T00:00:00.000,35.533330,136.883330
Girgenti,10917,Valid,L6,18000,1853-01-01T00:00:00.000,37.316670,13.566670
Git-Git,10919,Valid,L6,480,1947-01-01T00:00:00.000,9.600000,9.916670
Glanerbrug,10923,Valid,L/LL5,670,1990-01-01T00:00:00.000,52.200000,6.866670
Glanggang,10924,Valid,H5-6,1303,1939-01-01T00:00:00.000,-7.250000,107.700000
Glasatovo,10926,Valid,H4,152000,1918-01-01T00:00:00.000,57.350000,37.616670
Glatton,10930,Valid,L6,767,1991-01-01T00:00:00.000,52.459720,-0.300000
Gnadenfrei,10936,Valid,H5,1750,1879-01-01T00:00:00.000,50.666670,16.766670
Gopalpur,10948,Valid,H6,1600,1865-01-01T00:00:00.000,24.233330,89.050000
Gorlovka,10949,Valid,H3.7,3618,1974-01-01T00:00:00.000,48.283330,38.083330
Granes,10956,Valid,L6,9000,1964-01-01T00:00:00.000,42.900000,2.250000
Grefsheim,11196,Valid,L5,45.5,1976-01-01T00:00:00.000,60.666670,11.000000
Grimsby,50911,Valid,H5,215,2009-01-01T00:00:00.000,43.200000,-79.616670
Grosnaja,11206,Valid,CV3,3500,1861-01-01T00:00:00.000,43.666670,45.383330
Gross-Divina,11207,Valid,H5,10500,1837-01-01T00:00:00.000,49.266670,18.716670
Grossliebenthal,11208,Valid,L6,8000,1881-01-01T00:00:00.000,46.350000,30.583330
Grüneberg,11426,Valid,H4,1000,1841-01-01T00:00:00.000,51.933330,15.500000
Grzempach,11429,Valid,H5,690,1910-01-01T00:00:00.000,52.866670,16.633330
Gualeguaychú,11432,Valid,H6,22000,1932-01-01T00:00:00.000,-33.000000,-58.616670
Guangmingshan,11435,Valid,H5,2910,1996-01-01T00:00:00.000,39.804170,122.763890
Guangnan,11436,Valid,L6,,1983-01-01T00:00:00.000,24.100000,105.000000
Guangrao,11437,Valid,L6,1900,1980-01-01T00:00:00.000,37.100000,118.400000
Guareña,11439,Valid,H6,39000,1892-01-01T00:00:00.000,38.733330,-6.016670
Guêa,11440,Valid,Stone-uncl,1915,1891-01-01T00:00:00.000,43.766670,20.233330
Guibga,11442,Valid,L5,288,1972-01-01T00:00:00.000,13.500000,-0.683330
Guidder,11443,Valid,LL5,968,1949-01-01T00:00:00.000,9.916670,13.983330
Gujargaon,11448,Valid,H5,2449,1982-01-01T00:00:00.000,22.983330,76.050000
Gujba,11449,Valid,CBa,100000,1984-01-01T00:00:00.000,11.491670,11.658330
Gumoschnik,11450,Valid,H5,5700,1904-01-01T00:00:00.000,42.900000,24.700000
Gurram Konda,11464,Valid,L6,28,1814-01-01T00:00:00.000,13.783330,78.566670
Gursum,11465,Valid,H4/5,34650,1981-01-01T00:00:00.000,9.366670,42.416670
Gütersloh,11466,Valid,H3/4,1000,1851-01-01T00:00:00.000,51.916670,8.383330
Gyokukei,11467,Valid,OC,1320,1930-01-01T00:00:00.000,35.000000,127.500000
Hachi-oji,11468,Valid,H?,0.2,1817-01-01T00:00:00.000,35.650000,139.333330
Hainaut,11472,Valid,H3-6,9000,1934-01-01T00:00:00.000,50.316670,3.733330
Hallingeberg,11479,Valid,L3.4,1456,1944-01-01T00:00:00.000,57.816670,16.233330
Hamlet,11485,Valid,LL4,3710,1959-01-01T00:00:00.000,41.383330,-86.600000
Haraiya,11824,Valid,Eucrite-mmict,1000,1878-01-01T00:00:00.000,26.800000,82.533330
Haripura,11829,Valid,CM2,315,1921-01-01T00:00:00.000,28.383330,75.783330
Harleton,11830,Valid,L6,8360,1961-01-01T00:00:00.000,32.675000,-94.511670
Harrison County,11842,Valid,L6,680,1859-01-01T00:00:00.000,38.250000,-86.166670
Hashima,11848,Valid,H4,1110.5999999999999,1910-01-01T00:00:00.000,35.294500,136.700330
Hassi-Jekna,11852,Valid,"Iron, IAB-sHL",1250,1890-01-01T00:00:00.000,28.950000,0.816670
Hatford,11855,Valid,Stone-uncl,29000,1628-01-01T00:00:00.000,51.650000,-1.516670
Haverö,11859,Valid,Ureilite,1544,1971-01-01T00:00:00.000,60.245560,22.061940
Hedeskoga,11869,Valid,H5,3500,1922-01-01T00:00:00.000,55.466670,13.783330
Hedjaz,11870,Valid,L3.7-6,6100,1910-01-01T00:00:00.000,27.333330,35.666670
Heredia,11875,Valid,H5,1000,1857-01-01T00:00:00.000,10.000000,-84.100000
Hessle,11878,Valid,H5,20000,1869-01-01T00:00:00.000,59.850000,17.666670
Higashi-koen,11883,Valid,H5,750,1897-01-01T00:00:00.000,33.600000,130.433330
High Possil,11884,Valid,L6,4500,1804-01-01T00:00:00.000,55.900000,-4.233330
Hiroshima,11889,Valid,H5,414,2003-01-01T00:00:00.000,34.450000,132.383330
Hoima,44714,Valid,H6,167.7,2003-01-01T00:00:00.000,1.345000,31.472780
Hökmark,11893,Valid,L4,305.5,1954-01-01T00:00:00.000,64.433330,21.200000
Holbrook,11894,Valid,L/LL6,220000,1912-01-01T00:00:00.000,34.900000,-110.183330
Holetta,11895,Valid,Stone-uncl,1415,1923-01-01T00:00:00.000,9.066670,38.416670
Homestead,11901,Valid,L5,230000,1875-01-01T00:00:00.000,41.800000,-91.866670
Honolulu,11904,Valid,L5,2420,1825-01-01T00:00:00.000,21.300000,-157.866670
Hotse,11913,Valid,L6,180,1956-01-01T00:00:00.000,35.666670,115.500000
Hoxie,11915,Valid,OC,266.10000000000002,1963-01-01T00:00:00.000,39.350000,-100.450000
Hraschina,11916,Valid,"Iron, IID",49000,1751-01-01T00:00:00.000,46.100000,16.333330
Huaxi,54719,Valid,H5,1600,2010-01-01T00:00:00.000,26.464690,106.632410
Hungen,11986,Valid,H6,112,1877-01-01T00:00:00.000,50.300000,8.916670
Hvittis,11989,Valid,EL6,14000,1901-01-01T00:00:00.000,61.183330,22.683330
Ibbenbüren,11992,Valid,Diogenite,2000,1870-01-01T00:00:00.000,52.283330,7.700000
Ibitira,11993,Valid,Eucrite-mmict,2500,1957-01-01T00:00:00.000,-20.000000,-45.000000
Ibrisim,11994,Valid,OC,,1949-01-01T00:00:00.000,38.000000,35.000000
Ichkala,11995,Valid,H6,3973,1936-01-01T00:00:00.000,58.200000,82.933330
Idutywa,12000,Valid,H5,3457,1956-01-01T00:00:00.000,-32.100000,28.333330
Iguaracu,12003,Valid,H5,1200,1977-01-01T00:00:00.000,-23.200000,-51.833330
Ijopega,12004,Valid,H6,7330,1975-01-01T00:00:00.000,-6.033330,145.366670
Indarch,12027,Valid,EH4,27000,1891-01-01T00:00:00.000,39.750000,46.666670
Independence,12028,Valid,L6,880,1917-01-01T00:00:00.000,39.083330,-94.400000
Inner Mongolia,12037,Valid,L6,3000,1963-01-01T00:00:00.000,41.000000,112.000000
Innisfree,12039,Valid,L5,4576,1977-01-01T00:00:00.000,53.415000,-111.337500
Ipiranga,12043,Valid,H6,7000,1972-01-01T00:00:00.000,-25.500000,-54.500000
Ishinga,12049,Valid,H,1300,1954-01-01T00:00:00.000,-8.933330,33.800000
Isthilart,12053,Valid,H5,3050,1928-01-01T00:00:00.000,-31.183330,-57.950000
Itapicuru-Mirim,12056,Valid,H5,2024,1879-01-01T00:00:00.000,-3.400000,-44.333330
Itqiy,12058,Valid,EH7-an,4720,1990-01-01T00:00:00.000,26.590830,-12.952170
Ivuna,12063,Valid,CI1,704.5,1938-01-01T00:00:00.000,-8.416670,32.433330
Jackalsfontein,12065,Valid,L6,48000,1903-01-01T00:00:00.000,-32.500000,21.900000
Jajh deh Kot Lalu,12067,Valid,EL6,973,1926-01-01T00:00:00.000,26.750000,68.416670
Jalanash,12068,Valid,Ureilite,700,1990-01-01T00:00:00.000,,
Jalandhar,12069,Valid,Iron,1967,1621-01-01T00:00:00.000,31.000000,75.000000
Jamkheir,12072,Valid,H6,22,1866-01-01T00:00:00.000,18.750000,75.333330
Jartai,12074,Valid,L6,20500,1979-01-01T00:00:00.000,39.700000,105.800000
Jelica,12078,Valid,LL6,34000,1889-01-01T00:00:00.000,43.833330,20.441670
Jemlapur,12079,Valid,L6,450,1901-01-01T00:00:00.000,,
Jesenice,51589,Valid,L6,3667,2009-01-01T00:00:00.000,46.421370,14.052170
Jhung,12085,Valid,L5,5900,1873-01-01T00:00:00.000,31.300000,72.383330
Jiange,12086,Valid,H5,222,1964-01-01T00:00:00.000,31.916670,104.916670
Jianshi,12087,Valid,"Iron, IIIAB",600000,1890-01-01T00:00:00.000,30.808330,109.500000
Jilin,12171,Valid,H5,4000000,1976-01-01T00:00:00.000,44.050000,126.166670
Jodiya,47362,Valid,L5,100,2006-01-01T00:00:00.000,22.680000,70.313330
Jodzie,12173,Valid,Howardite,30,1877-01-01T00:00:00.000,55.700000,24.400000
Johnstown,12198,Valid,Diogenite,40300,1924-01-01T00:00:00.000,40.350000,-104.900000
Jolomba,12199,Valid,LL6,483,1974-01-01T00:00:00.000,-11.850000,15.833330
Jonzac,12202,Valid,Eucrite-mmict,5000,1819-01-01T00:00:00.000,45.433330,-0.450000
Juancheng,12203,Valid,H5,100000,1997-01-01T00:00:00.000,35.500000,115.416670
Judesegeri,12207,Valid,H6,680,1876-01-01T00:00:00.000,12.850000,76.800000
Jumapalo,12209,Valid,L6,32490,1984-01-01T00:00:00.000,-7.716670,111.200000
Junan,12210,Valid,L6,950,1976-01-01T00:00:00.000,35.200000,118.800000
Juromenha,12213,Valid,"Iron, IIIAB",25250,1968-01-01T00:00:00.000,38.740280,-7.270000
Juvinas,12214,Valid,Eucrite-mmict,91000,1821-01-01T00:00:00.000,44.716670,4.300000
Kaba,12218,Valid,CV3,3000,1857-01-01T00:00:00.000,47.350000,21.300000
Kabo,12220,Valid,H4,13400,1971-01-01T00:00:00.000,11.850000,8.216670
Kadonah,12221,Valid,H6,89,1822-01-01T00:00:00.000,27.083330,78.333330
Kaee,12222,Valid,H5,230,1838-01-01T00:00:00.000,27.250000,79.966670
Kagarlyk,12227,Valid,L6,1900,1908-01-01T00:00:00.000,49.866670,30.833330
Kaidun,12228,Valid,CR2,2000,1980-01-01T00:00:00.000,15.000000,48.300000
Kainsaz,12229,Valid,CO3.2,200000,1937-01-01T00:00:00.000,55.433330,53.250000
Kakangari,12230,Valid,K3,350,1890-01-01T00:00:00.000,12.383330,78.516670
Kakowa,12231,Valid,L6,577,1858-01-01T00:00:00.000,45.133330,21.666670
Kalaba,12232,Valid,H4,950,1951-01-01T00:00:00.000,-6.833330,29.500000
Kalumbi,12236,Valid,L6,4500,1879-01-01T00:00:00.000,17.833330,73.983330
Kamalpur,12238,Valid,L6,2770,1942-01-01T00:00:00.000,26.033330,81.466670
Kamiomi,12240,Valid,H5,448,1913-01-01T00:00:00.000,36.041670,139.956670
Kamsagar,12241,Valid,L6,1293,1902-01-01T00:00:00.000,14.183330,75.800000
Kandahar (Afghanistan),12243,Valid,L6,299,1959-01-01T00:00:00.000,31.600000,65.783330
Kangean,12245,Valid,H5,1630,1908-01-01T00:00:00.000,-7.000000,115.500000
Kangra Valley,12246,Valid,H5,400,1897-01-01T00:00:00.000,32.083330,76.300000
Kapoeta,12251,Valid,Howardite,11355,1942-01-01T00:00:00.000,4.700000,33.633330
Kaprada,47357,Valid,L5/6,1600,2004-01-01T00:00:00.000,20.339160,73.223290
Kaptal-Aryk,12253,Valid,L6,3500,1937-01-01T00:00:00.000,42.450000,73.366670
Karakol,12256,Valid,LL6,3000,1840-01-01T00:00:00.000,47.216670,81.016670
Karatu,12258,Valid,LL6,2220,1963-01-01T00:00:00.000,-3.500000,35.583330
Karewar,12260,Valid,L6,180,1949-01-01T00:00:00.000,12.900000,7.150000
Karkh,12262,Valid,L6,22000,1905-01-01T00:00:00.000,27.800000,67.166670
Karloowala,12263,Valid,L6,2950,1955-01-01T00:00:00.000,31.583330,71.600000
Karoonda,12264,Valid,CK4,41730,1930-01-01T00:00:00.000,-35.083330,139.916670
Kasamatsu,12266,Valid,H,710,1938-01-01T00:00:00.000,35.366670,136.766670
Kasauli,30740,Valid,H4,16820,2003-01-01T00:00:00.000,29.583330,77.583330
Katagum,35465,Valid,L6,1500,1999-01-01T00:00:00.000,11.333330,10.083330
Kavarpura,47351,Valid,"Iron, IIE-an",6800,2006-01-01T00:00:00.000,25.143330,75.813330
Kayakent,12268,Valid,"Iron, IIIAB",85000,1961-01-01T00:00:00.000,39.263330,31.780000
Kediri,12270,Valid,L4,3300,1940-01-01T00:00:00.000,-7.750000,112.016670
Kemer,53654,Valid,L4,5760,2008-01-01T00:00:00.000,36.541940,29.418220
Kendleton,12275,Valid,L4,6937,1939-01-01T00:00:00.000,29.450000,-96.000000
Kendrapara,12276,Valid,H4-5,6669.2,2003-01-01T00:00:00.000,20.462500,86.702780
Kerilis,12282,Valid,H5,5000,1874-01-01T00:00:00.000,48.400000,-3.300000
Kernouve,12284,Valid,H6,80000,1869-01-01T00:00:00.000,48.116670,-3.083330
Kesen,12286,Valid,H4,135000,1850-01-01T00:00:00.000,38.983330,141.616670
Khairpur,12288,Valid,EL6,13600,1873-01-01T00:00:00.000,29.533330,72.300000
Khanpur,12289,Valid,LL5,3698,1932-01-01T00:00:00.000,25.550000,83.116670
Kharkov,12291,Valid,L6,1500,1787-01-01T00:00:00.000,50.625000,35.075000
Kheragur,12294,Valid,L6,450,1860-01-01T00:00:00.000,26.950000,77.883330
Khetri,12296,Valid,H6,100,1867-01-01T00:00:00.000,28.016670,75.816670
Khmelevka,12297,Valid,L5,6109,1929-01-01T00:00:00.000,56.750000,75.333330
Khohar,12298,Valid,L3.6,9700,1910-01-01T00:00:00.000,25.100000,81.533330
Khor Temiki,12299,Valid,Aubrite,3200,1932-01-01T00:00:00.000,16.000000,36.000000
Kidairat,12300,Valid,H6,100000,1983-01-01T00:00:00.000,14.000000,28.000000
Kiel,12301,Valid,L6,737.6,1962-01-01T00:00:00.000,54.400000,10.150000
Kiffa,12303,Valid,H5,1500,1970-01-01T00:00:00.000,16.583330,-11.333330
Kijima (1906),12305,Valid,Stone-uncl,331,1906-01-01T00:00:00.000,36.850000,138.383330
Kikino,12306,Valid,H6,195,1809-01-01T00:00:00.000,55.000000,34.000000
Kilabo,12307,Valid,LL6,19000,2002-01-01T00:00:00.000,12.766670,9.800000
Kilbourn,12308,Valid,H5,772,1911-01-01T00:00:00.000,43.583330,-89.600000
Killeter,12309,Valid,H6,140,1844-01-01T00:00:00.000,54.666670,-7.666670
Kingai,12316,Valid,H6,67.400000000000006,1967-01-01T00:00:00.000,11.633330,24.683330
Kirbyville,12321,Valid,Eucrite-mmict,97.7,1906-01-01T00:00:00.000,30.750000,-95.950000
Kisvarsány,12325,Valid,L6,1550,1914-01-01T00:00:00.000,48.166670,22.308330
Kitchener,12326,Valid,L6,202.6,1998-01-01T00:00:00.000,43.383330,-80.383330
Klein-Wenden,12332,Valid,H6,3250,1843-01-01T00:00:00.000,51.600000,10.800000
Knyahinya,12335,Valid,L/LL5,500000,1866-01-01T00:00:00.000,48.900000,22.400000
Kobe,12336,Valid,CK4,136,1999-01-01T00:00:00.000,34.733330,135.166670
Kokubunji,12342,Valid,L6,11510,1986-01-01T00:00:00.000,34.300000,133.950000
Komagome,12343,Valid,Iron,238,1926-01-01T00:00:00.000,35.733330,139.750000
Konovo,12344,Valid,LL5,90,1931-01-01T00:00:00.000,42.516670,26.166670
Košice,53810,Valid,H5,4300,2010-01-01T00:00:00.000,48.763670,21.176330
Krähenberg,12353,Valid,LL5,16500,1869-01-01T00:00:00.000,49.326940,7.464720
Krasnoi-Ugol,12355,Valid,L6,2440,1829-01-01T00:00:00.000,54.033330,40.900000
Krasnyi Klyuch,12357,Valid,H5,4000,1946-01-01T00:00:00.000,54.333330,56.083330
Krutikha,12363,Valid,OC,845.2,1906-01-01T00:00:00.000,56.800000,77.000000
Krymka,12364,Valid,LL3.2,50000,1946-01-01T00:00:00.000,47.833330,30.766670
Kukschin,12368,Valid,L6,2250,1938-01-01T00:00:00.000,51.150000,31.700000
Kulak,12369,Valid,L5,453.6,1961-01-01T00:00:00.000,30.731110,66.802220
Kuleschovka,12370,Valid,L6,6000,1811-01-01T00:00:00.000,50.750000,33.500000
Kulp,12373,Valid,H6,3719,1906-01-01T00:00:00.000,41.116670,45.000000
Kunashak,12377,Valid,L6,200000,1949-01-01T00:00:00.000,55.783330,61.366670
Kunya-Urgench,12379,Valid,H5,1100000,1998-01-01T00:00:00.000,42.250000,59.200000
Kushiike,12381,Valid,OC,4460,1920-01-01T00:00:00.000,37.050000,138.383330
Kusiali,12382,Valid,L6,5,1860-01-01T00:00:00.000,29.683330,78.383330
Kutais,12383,Valid,H5,23,1977-01-01T00:00:00.000,44.516670,39.300000
Kuttippuram,12384,Valid,L6,45000,1914-01-01T00:00:00.000,10.833330,76.033330
Kuznetzovo,12385,Valid,L6,4047,1932-01-01T00:00:00.000,55.200000,75.333330
Kyushu,12390,Valid,L6,45000,1886-01-01T00:00:00.000,32.033330,130.633330
La Bécasse,12392,Valid,L6,2800,1879-01-01T00:00:00.000,47.083330,1.750000
La Charca,12394,Valid,OC,399,1878-01-01T00:00:00.000,20.666670,-101.283330
La Colina,12395,Valid,H5,2000,1924-01-01T00:00:00.000,-37.333330,-61.533330
La Criolla,12396,Valid,L6,45000,1985-01-01T00:00:00.000,-31.233330,-58.166670
Laborel,12408,Valid,H5,3833,1871-01-01T00:00:00.000,44.283330,5.583330
Lahrauli,12433,Valid,Ureilite,900,1955-01-01T00:00:00.000,26.783330,82.716670
L'Aigle,12434,Valid,L6,37000,1803-01-01T00:00:00.000,48.766670,0.633330
Cumulus Hills 04075,32531,Valid,Pallasite,9.6,2003-01-01T00:00:00.000,,
Lakangaon,12435,Valid,Eucrite-mmict,212.5,1910-01-01T00:00:00.000,21.866670,76.033330
Lalitpur,12451,Valid,L6,372,1887-01-01T00:00:00.000,24.450000,78.566670
Lancé,12455,Valid,CO3.5,51700,1872-01-01T00:00:00.000,47.700000,1.066670
Lancon,12456,Valid,H6,7000,1897-01-01T00:00:00.000,43.750000,5.116670
Långhalsen,12461,Valid,L6,2300,1947-01-01T00:00:00.000,58.850000,16.733330
Lanxi,12464,Valid,L6,1282,1986-01-01T00:00:00.000,46.241670,126.196110
Lanzenkirchen,12465,Valid,L4,7000,1925-01-01T00:00:00.000,47.750000,16.233330
Laochenzhen,12466,Valid,H5,14250,1987-01-01T00:00:00.000,33.133330,115.166670
Launton,12740,Valid,L6,1060,1830-01-01T00:00:00.000,51.900000,-1.116670
Lavrentievka,12743,Valid,L6,800,1938-01-01T00:00:00.000,52.450000,51.566670
Le Pressoir,12748,Valid,H5,3000,1845-01-01T00:00:00.000,47.166670,0.433330
Le Teilleul,12749,Valid,Howardite,780,1845-01-01T00:00:00.000,48.533330,-0.866670
Leedey,12755,Valid,L6,51500,1943-01-01T00:00:00.000,35.883330,-99.333330
Leeuwfontein,12756,Valid,L6,460,1912-01-01T00:00:00.000,-25.666670,28.366670
Leighlinbridge,12759,Valid,L6,271.39999999999998,1999-01-01T00:00:00.000,52.666670,-6.966670
Leighton,12760,Valid,H5,877,1907-01-01T00:00:00.000,34.583330,-87.500000
Leonovka,12765,Valid,L6,700,1900-01-01T00:00:00.000,52.266670,32.850000
Les Ormes,12769,Valid,L6,125,1857-01-01T00:00:00.000,48.350000,3.250000
Lesves,12772,Valid,L6,2000,1896-01-01T00:00:00.000,50.366670,4.733330
Lichtenberg,14646,Valid,H6,4000,1973-01-01T00:00:00.000,-26.150000,26.183330
Lillaverke,14650,Valid,H5,6862,1930-01-01T00:00:00.000,56.650000,15.866670
Limerick,14652,Valid,H5,50000,1813-01-01T00:00:00.000,52.566670,-8.783330
Linum,14655,Valid,L6,1862,1854-01-01T00:00:00.000,52.750000,12.900000
Lishui,14659,Valid,L5,498,1978-01-01T00:00:00.000,31.633330,118.983330
Lissa,14661,Valid,L6,12800,1808-01-01T00:00:00.000,50.200000,14.850000
Little Piney,14664,Valid,L5,491,1839-01-01T00:00:00.000,37.916670,-92.083330
Lixna,14670,Valid,H4,5213,1820-01-01T00:00:00.000,56.000000,26.433330
Lodran,14675,Valid,Lodranite,1000,1868-01-01T00:00:00.000,29.533330,71.800000
Lohawat,14678,Valid,Howardite,40000,1994-01-01T00:00:00.000,26.965560,72.626670
Lorton,52843,Valid,L6,329.7,2010-01-01T00:00:00.000,38.700660,-77.211630
Los Martinez,14708,Valid,L6,25,1894-01-01T00:00:00.000,38.000000,-0.833330
Lost City,14711,Valid,H5,17000,1970-01-01T00:00:00.000,36.008330,-95.150000
Louisville,14716,Valid,L6,1300,1977-01-01T00:00:00.000,38.250000,-85.750000
